expression,template_type,status,stage,universe,checks_failed,behavior_similarity,sharpe,fitness,returns,drawdown,turnover,margin,reward
"ts_rank(((returns - ts_mean(returns, 60)) / (1 + ts_std_dev(returns, 60))), 60)",volatility_reversion,complete,IS,TOP3000,0,0.0,-1.4,-0.4,-0.114,0.5888,1.3751,-0.000166,-0.706784
"rank(group_neutralize((returns - ts_mean(returns, 5)), industry))",mean_reversion,complete,IS,TOP3000,0,0.7005187524874934,-0.54,-0.11,-0.052,0.3418,1.3113,-7.9e-05,-0.24791400000000002
"rank((ts_delta(vwap, 10) - ts_delta(vwap, 20)))",acceleration,complete,IS,TOP3000,0,0.7174047662710566,0.02,0.0,0.0015,0.2223,0.3807,8e-06,-0.0005489999999999991
"rank(group_neutralize((returns - ts_mean(returns, 5)), sector))",mean_reversion,complete,IS,TOP3000,0,1.0,-0.58,-0.12,-0.0575,0.3691,1.3332,-8.6e-05,-1.267673
"rank(((returns - ts_mean(returns, 60)) / (1 + ts_std_dev(returns, 60))))",volatility_reversion,complete,IS,TOP3000,0,0.9549473478967874,-1.2,-0.37,-0.1247,0.6496,1.3306,-0.000187,-1.6299640000000002
"zscore(group_neutralize((returns - ts_mean(returns, 5)), sector))",mean_reversion,complete,IS,TOP3000,0,0.9244107717064591,-0.44,-0.09,-0.0624,0.4785,1.4505,-8.6e-05,-1.209847
"rank((ts_rank(vwap, 10) - ts_rank(vwap, 120)))",momentum,complete,IS,TOP3000,0,0.7949261851831471,-0.99,-0.42,-0.0904,0.5194,0.5115,-0.000354,-0.5928140000000001
"rank((ts_rank(returns, 10) - ts_rank(returns, 120)))",momentum,complete,IS,TOP3000,0,0.7032679765732665,0.77,0.15,0.0414,0.068,1.1186,7.4e-05,0.329772
"rank((ts_delta(returns, 10) - ts_delta(returns, 20)))",acceleration,complete,IS,TOP3000,0,0.7936048963645697,-0.65,-0.13,-0.0524,0.2657,1.3405,-7.8e-05,-0.291663
"rank((ts_delta(vwap, 10) - ts_delta(vwap, 120)))",acceleration,complete,IS,TOP3000,0,0.9230586306931281,0.12,0.04,0.0148,0.2573,0.1139,0.00026,-0.944535
"rank(((returns - ts_mean(returns, 120)) / (1 + ts_std_dev(returns, 120))))",volatility_reversion,complete,IS,TOP3000,0,0.9284903651387386,-1.28,-0.41,-0.135,0.6984,1.3349,-0.000202,-1.682252
"rank((ts_rank(vwap, 10) - ts_rank(sales, 10)))",fundamental_cross,complete,IS,TOP3000,0,0.8551016386845466,-1.45,-0.66,-0.1331,0.6895,0.6517,-0.000408,-0.8953330000000002
"zscore((ts_delta(vwap, 20) - ts_delta(vwap, 120)))",acceleration,complete,IS,TOP3000,0,1.0,-0.01,-0.0,-0.0016,0.2583,0.122,-2.6e-05,-1.010877
"zscore((ts_rank(eps, 60) - ts_rank(sales, 60)))",fundamental_cross,complete,IS,TOP3000,0,0.8859215414640446,0.17,0.04,0.0063,0.0789,0.0873,0.000145,0.07513700000000001
"zscore((ts_rank(eps, 120) - ts_rank((ts_rank(vwap, 20) - ts_rank(vwap, 120)), 20)))",fundamental_momentum_spread,complete,IS,TOP3000,0,0.815850908804715,1.1,0.42,0.056,0.0542,0.3851,0.000291,0.605854
"zscore((ts_rank(vwap, 10) - ts_rank(vwap, 120)))",momentum,complete,IS,TOP3000,0,1.0,-0.93,-0.38,-0.0905,0.5289,0.5308,-0.000341,-1.549107
"rank((ts_delta(high, 120) - ts_delta(high, 20)))",acceleration,complete,IS,TOP3000,0,1.0,-0.11,-0.04,-0.0128,0.2641,0.1223,-0.00021,-1.067947
"rank((ts_rank((eps / (1 + sales)), 120) - ts_rank(sales, 120)))",quality_value,complete,IS,TOP3000,0,0.9529127029152954,0.06,0.01,0.002,0.0912,0.0464,8.7e-05,-0.978076
"rank((ts_rank(eps, 60) - ts_rank((ts_rank(close, 20) - ts_rank(close, 60)), 20)))",fundamental_momentum_spread,complete,IS,TOP3000,0,0.9851805446214661,1.3,0.49,0.0614,0.0436,0.4371,0.000281,-0.28789599999999993
"ts_rank((ts_rank(close, 120) - ts_rank((ts_rank(eps, 60) - ts_rank(eps, 120)), 60)), 60)",fundamental_momentum_spread,complete,IS,TOP3000,0,0.7953605401806245,-0.93,-0.39,-0.0382,0.2119,0.2225,-0.000344,-0.541913
"rank((ts_rank((eps / (1 + cashflow)), 60) - ts_rank(cashflow, 60)))",quality_value,complete,IS,TOP3000,0,0.999043992391722,0.13,0.02,0.0028,0.0417,0.071,8e-05,-0.949027
"rank((ts_rank(sales, 60) - ts_rank(sales, 120)))",momentum,complete,IS,TOP3000,0,0.9208473950292699,-0.07,-0.01,-0.003,0.1728,0.0717,-8.4e-05,-1.032924
"rank((ts_rank(sales, 10) - ts_rank(eps, 10)))",fundamental_cross,complete,IS,TOP3000,0,0.8401248876591132,-0.41,-0.13,-0.0319,0.3149,0.3356,-0.00019,-0.219499
"ts_rank((ts_rank(close, 10) - ts_rank(close, 120)), 10)",momentum,complete,IS,TOP3000,0,0.9007394749147818,-1.58,-0.56,-0.0988,0.5227,0.7834,-0.000252,-0.861585
"rank(group_neutralize(((vwap - ts_mean(vwap, 20)) / (1 + ts_rank(volume, 20))), subindustry))",liquidity_reversal,complete,IS,TOP3000,0,0.8638640061054093,-1.54,-0.85,-0.0978,0.5051,0.3198,-0.000612,-1.037477
"rank((ts_delta(returns, 60) - ts_delta(returns, 120)))",acceleration,complete,IS,TOP3000,0,0.8235036739260646,0.91,0.21,0.0706,0.157,1.3401,0.000105,0.410438
"ts_rank((ts_rank(sales, 120) - ts_rank((ts_rank(close, 60) - ts_rank(close, 120)), 60)), 60)",fundamental_momentum_spread,complete,IS,TOP3000,0,0.925480438181131,0.55,0.16,0.0305,0.0569,0.3671,0.000166,-0.730267
"rank((ts_rank(vwap, 120) - ts_rank((ts_rank(vwap, 20) - ts_rank(vwap, 120)), 20)))",fundamental_momentum_spread,complete,IS,TOP3000,0,0.938245537145207,0.08,0.01,0.0081,0.1737,0.3502,4.7e-05,-0.974063
"rank((ts_delta(close, 5) - ts_delta(close, 40)))",acceleration,complete,IS,TOP3000,0,0.8726678700719853,0.48,0.22,0.0444,0.1433,0.2197,0.000404,0.28625300000000004
"ts_rank(((returns - ts_mean(returns, 120)) / (1 + ts_std_dev(returns, 120))), 120)",volatility_reversion,complete,IS,TOP3000,0,0.979657259371394,-1.59,-0.49,-0.1334,0.6833,1.3838,-0.000193,-1.826671
"zscore((ts_rank((returns / (1 + sales)), 60) - ts_rank(sales, 60)))",quality_value,complete,IS,TOP3000,0,0.9191337508239343,-1.52,-0.49,-0.0982,0.5053,0.9551,-0.000206,-0.797515
"zscore((ts_rank(returns, 120) - ts_rank((ts_rank(vwap, 20) - ts_rank(vwap, 120)), 20)))",fundamental_momentum_spread,complete,IS,TOP3000,0,0.9043201591515465,-0.69,-0.15,-0.0442,0.266,0.9981,-8.9e-05,-0.316016
"ts_rank((ts_delta(close, 20) - ts_delta(close, 40)), 20)",acceleration,complete,IS,TOP3000,0,0.9066260814761636,0.22,0.04,0.0139,0.1169,0.5021,5.5e-05,0.089605
"ts_rank((ts_rank((cashflow / (1 + sales)), 60) - ts_rank((sales / (1 + cashflow)), 60)), 60)",quality_efficiency,complete,IS,TOP3000,0,0.9643640913043303,0.02,0.0,0.0003,0.0537,0.0944,7e-06,-0.995587
"ts_rank((ts_delta(returns, 20) - ts_delta(returns, 120)), 20)",acceleration,complete,IS,TOP3000,0,0.9029622796840554,0.47,0.07,0.0286,0.1266,1.3928,4.1e-05,0.18499
"zscore(group_neutralize(((vwap - ts_mean(vwap, 20)) / (1 + ts_rank(adv20, 20))), subindustry))",liquidity_reversal,complete,IS,TOP3000,0,0.9115903199778668,-1.05,-0.53,-0.0891,0.4545,0.3523,-0.000506,-0.680263
"zscore((ts_rank((cashflow / (1 + sales)), 120) - ts_rank((sales / (1 + cashflow)), 120)))",quality_efficiency,complete,IS,TOP3000,0,0.9202462893069934,0.62,0.2,0.0135,0.03,0.047,0.000574,-0.68382
"ts_rank(((vwap - ts_mean(vwap, 120)) / (1 + ts_std_dev(vwap, 120))), 120)",volatility_reversion,complete,IS,TOP3000,0,0.9166378488921343,-0.97,-0.6,-0.0835,0.4366,0.2197,-0.00076,-0.700778
"ts_rank((ts_delta(vwap, 5) - ts_delta(vwap, 10)), 5)",acceleration,complete,IS,TOP3000,0,0.9378188357711154,0.06,0.0,0.0042,0.267,0.8949,9e-06,-0.989674
"rank((ts_rank(cashflow, 120) - ts_rank((ts_rank(close, 10) - ts_rank(close, 120)), 10)))",fundamental_momentum_spread,complete,IS,TOP3000,0,0.9342171332535856,1.51,0.52,0.0787,0.0472,0.6693,0.000235,-0.20412000000000008
"rank(((vwap - ts_mean(vwap, 60)) / (1 + ts_std_dev(vwap, 60))))",volatility_reversion,complete,IS,TOP3000,0,0.8874910655256691,-0.97,-0.73,-0.1146,0.6456,0.203,-0.001129,-0.794036
"ts_rank(((close - ts_mean(close, 60)) / (1 + ts_std_dev(close, 60))), 60)",volatility_reversion,complete,IS,TOP3000,0,0.9538995778133955,-1.01,-0.53,-0.0904,0.5047,0.3326,-0.000544,-1.669873
"zscore((ts_delta(returns, 10) - ts_delta(returns, 20)))",acceleration,complete,IS,TOP3000,0,0.9431533746443018,-0.49,-0.09,-0.0542,0.3417,1.4514,-7.5e-05,-1.220087
"zscore((ts_rank(vwap, 20) - ts_rank((ts_rank(vwap, 10) - ts_rank(vwap, 20)), 10)))",fundamental_momentum_spread,complete,IS,TOP3000,0,0.8997055150762613,-0.44,-0.11,-0.0352,0.2278,0.5209,-0.000135,-0.21315
"ts_rank(((eps - ts_mean(eps, 120)) / (1 + ts_std_dev(eps, 120))), 120)",volatility_reversion,complete,IS,TOP3000,0,0.9810975538853554,0.03,0.0,0.0009,0.0799,0.0574,3e-05,-0.993325
"rank((ts_delta(eps, 10) - ts_delta(eps, 20)))",acceleration,complete,IS,TOP3000,0,0.9108070194432655,-0.31,-0.07,-0.0162,0.1361,0.3206,-0.000101,-0.143879
"zscore((ts_delta(close, 20) - ts_delta(close, 40)))",acceleration,complete,IS,TOP3000,0,0.9745448374809889,-0.08,-0.01,-0.0074,0.2527,0.2985,-5e-05,-1.038673
"rank((ts_rank(vwap, 60) - ts_rank((ts_rank(close, 20) - ts_rank(close, 60)), 20)))",fundamental_momentum_spread,complete,IS,TOP3000,0,0.9961657813383378,0.0,0.0,0.0002,0.1862,0.4083,1e-06,-1.00557
"rank(((close - ts_mean(close, 60)) / (1 + ts_std_dev(close, 60))))",volatility_reversion,complete,IS,TOP3000,0,0.9826879703537713,-1.05,-0.78,-0.1242,0.6897,0.2236,-0.001111,-1.852627
"ts_rank((ts_rank(cashflow, 120) - ts_rank((ts_rank(vwap, 60) - ts_rank(vwap, 120)), 60)), 60)",fundamental_momentum_spread,complete,IS,TOP3000,0,1.0,0.52,0.15,0.0298,0.0747,0.3781,0.000158,-0.7463569999999999
"zscore((ts_delta(high, 120) - ts_delta(high, 20)))",acceleration,complete,IS,TOP3000,0,1.0,-0.01,-0.0,-0.001,0.2198,0.1253,-1.6e-05,-1.009674
"zscore((ts_rank(eps, 10) - ts_rank(eps, 120)))",momentum,complete,IS,TOP3000,0,0.9076485887808285,-0.72,-0.3,-0.0211,0.1361,0.0633,-0.000667,-0.41677100000000006
"zscore((ts_delta(close, 5) - ts_delta(close, 40)))",acceleration,complete,IS,TOP3000,0,0.9560109102503751,0.25,0.08,0.0249,0.2278,0.2301,0.000217,-0.877842
"rank((ts_delta(close, 5) - ts_delta(close, 20)))",acceleration,complete,IS,TOP3000,0,0.954562240334607,0.35,0.1,0.0283,0.1428,0.3391,0.000167,-0.83202
"ts_rank((ts_rank(cashflow, 60) - ts_rank((ts_rank(close, 120) - ts_rank(close, 60)), 120)), 120)",fundamental_momentum_spread,complete,IS,TOP3000,0,0.8336381195014932,-0.65,-0.22,-0.0385,0.2811,0.3248,-0.000237,-0.349513
"ts_decay_linear((ts_rank(close, 60) - ts_rank((ts_rank(close, 120) - ts_rank(close, 60)), 120)), 120)",fundamental_momentum_spread,complete,IS,TOP3000,0,0.8733492454587035,-0.23,-0.11,-0.0265,0.3433,0.0479,-0.001105,-0.15291900000000003
"rank((ts_delta(cashflow, 10) - ts_delta(cashflow, 20)))",acceleration,complete,IS,TOP3000,0,0.9700155191075763,0.4,0.14,0.0401,0.2311,0.3139,0.000255,-0.792725
"rank((ts_delta(close, 120) - ts_decay_linear(ts_delta(close, 120), 5)))",price_volume_divergence,complete,IS,TOP3000,0,0.8583039967402064,-1.36,-0.47,-0.1053,0.5426,0.8658,-0.000243,-0.738202
"ts_rank((ts_delta(vwap, 10) - ts_delta(vwap, 20)), 10)",acceleration,complete,IS,TOP3000,0,0.8570774664066637,-0.53,-0.12,-0.0333,0.1992,0.6504,-0.000102,-0.24564
"rank(((vwap - ts_mean(vwap, 10)) / (1 + ts_std_dev(vwap, 10))))",volatility_reversion,complete,IS,TOP3000,0,0.7255153797992028,-1.62,-0.92,-0.16,0.8096,0.4982,-0.000642,-1.121088
"ts_rank((ts_rank(returns, 60) - ts_rank((ts_rank(close, 120) - ts_rank(close, 60)), 120)), 120)",fundamental_momentum_spread,complete,IS,TOP3000,0,0.9507814020978486,-1.29,-0.42,-0.096,0.5254,0.8855,-0.000217,-1.6834419999999999
"zscore((ts_delta(close, 10) - ts_delta(close, 20)))",acceleration,complete,IS,TOP3000,0,0.9900044447216059,0.46,0.14,0.039,0.2167,0.4388,0.000178,-0.774381
"ts_rank((ts_delta(vwap, 120) - ts_delta(vwap, 5)), 120)",acceleration,complete,IS,TOP3000,0,0.9261253700888616,-0.17,-0.05,-0.0142,0.1918,0.1993,-0.000142,-1.09039
"ts_rank(((returns - ts_mean(returns, 10)) / (1 + ts_std_dev(returns, 10))), 10)",volatility_reversion,complete,IS,TOP3000,0,0.8303303713971064,-0.94,-0.21,-0.0664,0.4133,1.3486,-9.8e-05,-0.43621099999999996
"zscore(((close - ts_mean(close, 10)) / (1 + ts_std_dev(close, 10))))",volatility_reversion,complete,IS,TOP3000,0,0.918713793949209,-1.68,-0.92,-0.1822,0.9064,0.6016,-0.000606,-1.1437680000000001
"zscore(((cashflow - ts_mean(cashflow, 60)) / (1 + ts_std_dev(cashflow, 60))))",volatility_reversion,complete,IS,TOP3000,0,0.9184214711011693,-0.67,-0.28,-0.035,0.3192,0.2074,-0.000337,-0.395376
"zscore(((vwap - ts_mean(vwap, 10)) / (1 + ts_std_dev(vwap, 10))))",volatility_reversion,complete,IS,TOP3000,0,0.9809576443206306,-1.54,-0.85,-0.1667,0.8396,0.5501,-0.000606,-2.0530239999999997
"rank((ts_delta(returns, 40) - ts_delta(returns, 5)))",acceleration,complete,IS,TOP3000,0,0.9858540176027092,0.49,0.09,0.0435,0.1463,1.3377,6.5e-05,-0.795409
"zscore((ts_delta(close, 120) - ts_decay_linear(ts_delta(close, 120), 5)))",price_volume_divergence,complete,IS,TOP3000,0,0.8723909618449116,-0.93,-0.28,-0.0833,0.4377,0.932,-0.000179,-0.4807950000000001
"rank((ts_delta(vwap, 60) - ts_delta(vwap, 20)))",acceleration,complete,IS,TOP3000,0,0.9243498173347438,-0.5,-0.25,-0.0456,0.3666,0.1876,-0.000486,-1.327146
"rank((ts_delta(close, 60) - ts_delta(close, 40)))",acceleration,complete,IS,TOP3000,0,0.992797068676348,-0.2,-0.04,-0.0144,0.2203,0.2912,-9.9e-05,-1.093761
"zscore((ts_rank(close, 60) - ts_rank((ts_rank(close, 120) - ts_rank(close, 60)), 120)))",fundamental_momentum_spread,complete,IS,TOP3000,0,0.8700617435114464,-1.18,-0.64,-0.1084,0.5851,0.3722,-0.000582,-0.796225
"ts_rank((ts_delta(returns, 20) - ts_delta(returns, 40)), 20)",acceleration,complete,IS,TOP3000,0,0.9165346869902213,-0.31,-0.04,-0.0187,0.2586,1.376,-2.7e-05,-0.128254
"ts_decay_linear((ts_delta(vwap, 120) - ts_decay_linear(ts_delta(close, 120), 5)), 120)",price_volume_divergence,complete,IS,TOP3000,0,0.9190218902400809,-0.27,-0.12,-0.0241,0.268,0.1159,-0.000416,-0.168968
"rank(((close - ts_mean(close, 10)) / (1 + ts_std_dev(close, 10))))",volatility_reversion,complete,IS,TOP3000,0,1.0,-1.71,-0.95,-0.1688,0.8472,0.5457,-0.000619,-2.16942
"rank(((sales - ts_mean(sales, 120)) / (1 + ts_std_dev(sales, 120))))",volatility_reversion,complete,IS,TOP3000,0,0.9529576072015821,0.29,0.1,0.0149,0.1387,0.0539,0.000552,-0.850969
"ts_rank(((vwap - ts_mean(vwap, 5)) / (1 + ts_std_dev(vwap, 5))), 5)",volatility_reversion,complete,IS,TOP3000,0,0.9317205192412252,-1.03,-0.28,-0.0773,0.4608,1.0227,-0.000151,-1.511008
"zscore((ts_rank(cashflow, 60) - ts_rank((ts_rank(sales, 120) - ts_rank(sales, 60)), 120)))",fundamental_momentum_spread,complete,IS,TOP3000,0,0.9865837275192234,0.17,0.03,0.0052,0.0723,0.075,0.00014,-0.931253
"rank((ts_rank(close, 40) - ts_rank((ts_rank(returns, 5) - ts_rank(returns, 40)), 5)))",fundamental_momentum_spread,complete,IS,TOP3000,0,0.9655129637241697,-1.11,-0.34,-0.0915,0.489,0.9529,-0.000192,-1.57599
"ts_rank(((low - ts_mean(low, 10)) / (1 + ts_std_dev(low, 10))), 10)",volatility_reversion,complete,IS,TOP3000,0,0.8335134203063803,-1.68,-0.69,-0.1279,0.6765,0.7513,-0.00034,-0.9830269999999999
"rank((ts_rank(cashflow, 20) - ts_rank((ts_rank(close, 10) - ts_rank(close, 20)), 10)))",fundamental_momentum_spread,complete,IS,TOP3000,0,0.9428264003677456,1.28,0.37,0.0649,0.055,0.7815,0.000166,-0.3719579999999999
"ts_rank((ts_rank(close, 60) - ts_rank((ts_rank(close, 5) - ts_rank(close, 60)), 5)), 5)",fundamental_momentum_spread,complete,IS,TOP3000,0,0.8975823796469677,-0.88,-0.2,-0.0524,0.3087,0.9958,-0.000105,-0.407453
"zscore((ts_rank(sales, 10) - ts_rank((ts_rank(vwap, 120) - ts_rank(vwap, 10)), 120)))",fundamental_momentum_spread,complete,IS,TOP3000,0,0.9086542923664888,-1.26,-0.5,-0.0845,0.4662,0.5465,-0.000309,-0.7237460000000001
"ts_rank(((cashflow - ts_mean(cashflow, 120)) / (1 + ts_std_dev(cashflow, 120))), 120)",volatility_reversion,complete,IS,TOP3000,0,0.9379461927984395,0.88,0.37,0.0219,0.0285,0.0433,0.001013,-0.494603
"zscore((ts_delta(returns, 5) - ts_delta(returns, 20)))",acceleration,complete,IS,TOP3000,0,0.8890572347963042,-0.41,-0.07,-0.047,0.4232,1.4487,-6.5e-05,-0.18495599999999998
"zscore(group_neutralize(((returns - ts_mean(returns, 5)) / (1 + ts_rank(volume, 5))), industry))",liquidity_reversal,complete,IS,TOP3000,0,0.934116733433689,-0.25,-0.04,-0.0339,0.3986,1.4267,-4.7e-05,-1.11567
"ts_rank((ts_rank(vwap, 20) - ts_rank((ts_rank(volume, 60) - ts_rank(volume, 20)), 60)), 60)",fundamental_momentum_spread,complete,IS,TOP3000,0,0.905952254098115,-1.06,-0.35,-0.068,0.3743,0.6192,-0.00022,-0.562169
"rank((ts_rank(close, 60) - ts_rank((ts_rank(adv20, 10) - ts_rank(adv20, 60)), 10)))",fundamental_momentum_spread,complete,IS,TOP3000,0,0.9283307476830874,-0.77,-0.28,-0.0596,0.3246,0.4472,-0.000266,-1.4275060000000002
"rank((ts_delta(returns, 60) - ts_decay_linear(ts_delta(vwap, 60), 3)))",price_volume_divergence,complete,IS,TOP3000,0,0.8305804687812117,0.78,0.63,0.0825,0.1453,0.1062,0.001553,0.645741
"ts_rank(((close - ts_mean(close, 5)) / (1 + ts_std_dev(close, 5))), 5)",volatility_reversion,complete,IS,TOP3000,0,0.9282444277700126,-1.35,-0.42,-0.1018,0.5538,1.0723,-0.00019,-1.702758
"ts_rank((ts_delta(returns, 120) - ts_delta(returns, 60)), 120)",acceleration,complete,IS,TOP3000,0,0.9641084879763208,-0.62,-0.11,-0.0416,0.25,1.3957,-6e-05,-1.268328
"rank(((cashflow - ts_mean(cashflow, 10)) / (1 + ts_std_dev(cashflow, 10))))",volatility_reversion,complete,IS,TOP3000,0,0.877203965366682,-0.41,-0.14,-0.0404,0.4741,0.3468,-0.000233,-0.231455
"zscore(((returns - ts_mean(returns, 5)) / (1 + ts_std_dev(returns, 5))))",volatility_reversion,complete,IS,TOP3000,0,0.9297310568648871,-0.5,-0.11,-0.066,0.4675,1.4499,-9.1e-05,-1.240805
"ts_rank((ts_delta(close, 120) - ts_delta(close, 60)), 120)",acceleration,complete,IS,TOP3000,0,0.9776410358656394,0.22,0.05,0.0148,0.1122,0.2475,0.000119,-0.903682
"ts_decay_linear(((close - ts_mean(close, 10)) / (1 + ts_std_dev(close, 10))), 10)",volatility_reversion,complete,IS,TOP3000,0,0.8719274958466215,-1.16,-0.84,-0.1211,0.6387,0.2333,-0.001038,-0.922849
"ts_decay_linear((ts_delta(returns, 5) - ts_decay_linear(ts_delta(vwap, 5), 3)), 5)",price_volume_divergence,complete,IS,TOP3000,0,0.8603569934209768,1.15,0.7,0.1197,0.0898,0.3262,0.000734,0.8068819999999999
"ts_decay_linear((ts_delta(close, 60) - ts_decay_linear(ts_delta(vwap, 60), 3)), 60)",price_volume_divergence,complete,IS,TOP3000,0,0.885443703047919,-0.9,-0.59,-0.0774,0.4012,0.1815,-0.000853,-0.671728
"zscore((ts_delta(vwap, 20) - ts_delta(vwap, 40)))",acceleration,complete,IS,TOP3000,0,0.9972294681771641,-0.06,-0.01,-0.0059,0.2399,0.272,-4.3e-05,-1.0321690000000001
"rank((ts_delta(returns, 60) - ts_delta(returns, 20)))",acceleration,complete,IS,TOP3000,0,0.9322528028619934,-0.0,-0.0,-0.0,0.188,1.3384,-0.0,-1.00564
"zscore((ts_delta(returns, 60) - ts_decay_linear(ts_delta(vwap, 60), 10)))",price_volume_divergence,complete,IS,TOP3000,0,0.9311475503659573,0.28,0.13,0.0287,0.2301,0.0711,0.000808,-0.8361069999999999
"rank((ts_rank(close, 60) - ts_rank((ts_rank(sales, 10) - ts_rank(sales, 60)), 10)))",fundamental_momentum_spread,complete,IS,TOP3000,0,0.9353612209929595,-0.94,-0.5,-0.0606,0.3333,0.2123,-0.000571,-1.621847
"rank((ts_rank(vwap, 120) - ts_rank((ts_rank(vwap, 10) - ts_rank(vwap, 120)), 10)))",fundamental_momentum_spread,complete,IS,TOP3000,0,0.97255361293355,0.18,0.03,0.0174,0.1619,0.472,7.4e-05,-0.929965
"rank((ts_rank(returns, 60) - ts_rank((ts_rank(close, 10) - ts_rank(close, 60)), 10)))",fundamental_momentum_spread,complete,IS,TOP3000,0,0.9173735563126169,-0.02,-0.0,-0.001,0.1132,0.9422,-2e-06,-0.009476
"zscore(group_neutralize((returns - ts_mean(returns, 40)), sector))",mean_reversion,complete,IS,TOP3000,0,0.7824833240402628,-0.98,-0.32,-0.1536,0.8021,1.4351,-0.000214,-0.538351
"ts_rank((ts_rank(vwap, 20) - ts_rank((ts_rank(close, 10) - ts_rank(close, 20)), 10)), 10)",fundamental_momentum_spread,complete,IS,TOP3000,0,0.909813874074571,-0.37,-0.06,-0.0188,0.1455,0.7695,-4.9e-05,-0.155869
"ts_rank((ts_delta(low, 20) - ts_delta(low, 40)), 20)",acceleration,complete,IS,TOP3000,0,0.9999797681659277,0.36,0.08,0.0227,0.1048,0.4821,9.4e-05,-0.841328
"rank((ts_rank(close, 10) - ts_rank(adv20, 10)))",fundamental_cross,complete,IS,TOP3000,0,0.8742745538933683,-1.65,-0.72,-0.1061,0.5606,0.5618,-0.000378,-0.9883059999999999
"ts_rank((ts_rank(close, 60) - ts_rank((ts_rank(eps, 40) - ts_rank(eps, 60)), 40)), 40)",fundamental_momentum_spread,complete,IS,TOP3000,0,0.9480323518461651,-0.87,-0.33,-0.0407,0.2066,0.2758,-0.000295,-1.484954
"zscore(((low - ts_mean(low, 10)) / (1 + ts_std_dev(low, 10))))",volatility_reversion,complete,IS,TOP3000,0,1.0,-1.53,-0.82,-0.1621,0.8173,0.5682,-0.000571,-2.029487
"rank((ts_rank(returns, 60) - ts_rank((ts_rank(vwap, 120) - ts_rank(vwap, 60)), 120)))",fundamental_momentum_spread,complete,IS,TOP3000,0,1.0,-1.34,-0.46,-0.102,0.5362,0.8635,-0.000236,-1.725246
"ts_decay_linear((ts_delta(returns, 120) - ts_delta(returns, 60)), 120)",acceleration,complete,IS,TOP3000,0,1.0,0.2,0.07,0.0276,0.2381,0.2024,0.000272,-0.899435
"rank((ts_rank(vwap, 60) - ts_rank((ts_rank(close, 10) - ts_rank(close, 60)), 10)))",fundamental_momentum_spread,complete,IS,TOP3000,0,0.9921067696641551,0.1,0.01,0.0088,0.1837,0.5174,3.4e-05,-0.968307
"zscore((ts_rank(cashflow, 20) - ts_rank(eps, 20)))",fundamental_cross,complete,IS,TOP3000,0,0.9472213686463116,-0.35,-0.09,-0.0166,0.1747,0.2361,-0.00014,-1.170069
"rank((ts_rank(cashflow, 60) - ts_rank((ts_rank(returns, 120) - ts_rank(returns, 60)), 120)))",fundamental_momentum_spread,complete,IS,TOP3000,0,0.9595046217608872,0.27,0.03,0.0128,0.0923,1.0055,2.6e-05,-0.901245
"zscore((ts_rank(returns, 20) - ts_rank((ts_rank(returns, 5) - ts_rank(returns, 20)), 5)))",fundamental_momentum_spread,complete,IS,TOP3000,0,0.9342510382026881,-1.64,-0.47,-0.1024,0.52,1.228,-0.000167,-1.821292
"ts_decay_linear((ts_delta(returns, 20) - ts_delta(returns, 40)), 20)",acceleration,complete,IS,TOP3000,0,1.0,0.01,0.0,0.001,0.2477,0.3757,5e-06,-1.004351
"ts_rank((ts_delta(cashflow, 10) - ts_delta(cashflow, 60)), 10)",acceleration,complete,IS,TOP3000,0,0.950846901642614,-0.31,-0.07,-0.0243,0.2587,0.4207,-0.000115,-1.148205
"rank(((returns - ts_mean(returns, 40)) / (1 + ts_std_dev(returns, 40))))",volatility_reversion,complete,IS,TOP3000,0,0.9531272565532413,-1.22,-0.38,-0.1255,0.6548,1.328,-0.000189,-1.642684
"ts_rank((ts_delta(close, 5) - ts_delta(close, 40)), 5)",acceleration,complete,IS,TOP3000,0,0.957851282417785,-0.25,-0.03,-0.0159,0.2522,0.9438,-3.4e-05,-1.103338
"zscore((ts_rank(returns, 60) - ts_rank((ts_rank(eps, 10) - ts_rank(eps, 60)), 10)))",fundamental_momentum_spread,complete,IS,TOP3000,0,0.9417848098739543,-1.73,-0.61,-0.0746,0.3845,0.6046,-0.000247,-1.933003
"zscore((ts_rank(high, 60) - ts_rank((ts_rank(adv20, 10) - ts_rank(adv20, 60)), 10)))",fundamental_momentum_spread,complete,IS,TOP3000,0,1.0,-0.72,-0.26,-0.0594,0.3274,0.4633,-0.000256,-1.3995739999999999
"zscore((ts_rank(close, 20) - ts_rank((ts_rank(adv20, 10) - ts_rank(adv20, 20)), 10)))",fundamental_momentum_spread,complete,IS,TOP3000,0,0.9729438344813204,-1.14,-0.43,-0.086,0.4254,0.6187,-0.000278,-1.6411419999999999
"ts_rank((ts_delta(cashflow, 20) - ts_delta(cashflow, 40)), 20)",acceleration,complete,IS,TOP3000,0,0.9687938259792015,0.68,0.28,0.0396,0.0727,0.2305,0.000344,-0.613013
"rank((ts_rank(eps, 20) - ts_rank(cashflow, 20)))",fundamental_cross,complete,IS,TOP3000,0,0.9696307604590787,0.31,0.07,0.0125,0.0646,0.2147,0.000117,-0.862438
"rank(group_neutralize((close - ts_mean(close, 40)), subindustry))",mean_reversion,complete,IS,TOP3000,0,0.8544572194192637,-1.42,-0.92,-0.0959,0.4994,0.2277,-0.000842,-1.046654
"rank((ts_delta(low, 10) - ts_delta(low, 20)))",acceleration,complete,IS,TOP3000,0,1.0,0.09,0.01,0.0064,0.2123,0.3937,3.3e-05,-0.972357
"zscore((ts_delta(close, 20) - ts_decay_linear(ts_delta(close, 20), 3)))",price_volume_divergence,complete,IS,TOP3000,0,0.9389657585792301,-1.22,-0.37,-0.1074,0.5576,1.1633,-0.000185,-1.63182
"ts_rank((ts_delta(low, 60) - ts_decay_linear(ts_delta(vwap, 60), 3)), 60)",price_volume_divergence,complete,IS,TOP3000,0,0.929557803044818,-0.94,-0.21,-0.0593,0.3084,1.1611,-0.000102,-1.432496
"ts_decay_linear((ts_delta(returns, 60) - ts_decay_linear(ts_delta(close, 60), 3)), 60)",price_volume_divergence,complete,IS,TOP3000,0,0.9353214514895498,0.0,0.0,0.0001,0.2511,0.0336,9e-06,-1.007525
"zscore((ts_rank(cashflow, 60) - ts_rank((ts_rank(close, 10) - ts_rank(close, 60)), 10)))",fundamental_momentum_spread,complete,IS,TOP3000,0,0.9656180179912859,1.7,0.62,0.0959,0.0536,0.7246,0.000265,-0.08093600000000001
"ts_decay_linear(((returns - ts_mean(returns, 120)) / (1 + ts_std_dev(returns, 120))), 120)",volatility_reversion,complete,IS,TOP3000,0,0.8364658467681545,-1.07,-1.13,-0.1796,0.9968,0.162,-0.002218,-1.099772
"ts_rank((ts_delta(returns, 60) - ts_decay_linear(ts_delta(vwap, 60), 3)), 60)",price_volume_divergence,complete,IS,TOP3000,0,0.9445582498563037,1.16,0.77,0.0934,0.0682,0.2094,0.000892,-0.14607399999999993
"ts_rank((ts_rank(returns, 20) - ts_rank((ts_rank(close, 10) - ts_rank(close, 20)), 10)), 10)",fundamental_momentum_spread,complete,IS,TOP3000,0,0.9474733371195444,-0.41,-0.06,-0.0197,0.1982,1.0119,-3.9e-05,-1.169522
"zscore((ts_rank(eps, 20) - ts_rank(vwap, 20)))",fundamental_cross,complete,IS,TOP3000,0,0.8923695487723831,1.06,0.5,0.1002,0.0885,0.448,0.000447,0.648361
"zscore((ts_rank(returns, 60) - ts_rank((ts_rank(close, 10) - ts_rank(close, 60)), 10)))",fundamental_momentum_spread,complete,IS,TOP3000,0,1.0,-0.0,-0.0,-0.0001,0.1205,1.0044,-0.0,-1.003623
"ts_decay_linear((ts_delta(close, 120) - ts_delta(close, 60)), 120)",acceleration,complete,IS,TOP3000,0,0.9360535877128089,-0.08,-0.02,-0.0091,0.3063,0.026,-0.000699,-1.046917
"rank((ts_rank(low, 60) - ts_rank((ts_rank(close, 20) - ts_rank(close, 60)), 20)))",fundamental_momentum_spread,complete,IS,TOP3000,0,1.0,0.04,0.0,0.0034,0.1697,0.4265,1.6e-05,-0.992819
"rank((ts_rank(returns, 20) - ts_rank((ts_rank(volume, 10) - ts_rank(volume, 20)), 10)))",fundamental_momentum_spread,complete,IS,TOP3000,0,0.9226408525922566,-1.31,-0.32,-0.0657,0.3514,1.0685,-0.000123,-1.616798
"rank((ts_rank(vwap, 60) - ts_rank((ts_rank(sales, 10) - ts_rank(sales, 60)), 10)))",fundamental_momentum_spread,complete,IS,TOP3000,0,0.9988464568186964,-0.84,-0.44,-0.0545,0.3055,0.2012,-0.000542,-1.551525
"rank(group_neutralize(((returns - ts_mean(returns, 20)) / (1 + ts_rank(adv20, 20))), subindustry))",liquidity_reversal,complete,IS,TOP3000,0,0.934923098346009,-1.3,-0.37,-0.104,0.5401,1.2777,-0.000163,-1.655023
"ts_rank((ts_rank(close, 10) - ts_rank(close, 20)), 10)",momentum,complete,IS,TOP3000,0,0.9169517655625925,-1.31,-0.39,-0.0692,0.3701,0.78,-0.000177,-0.663139
"zscore((ts_rank(vwap, 20) - ts_rank((ts_rank(close, 120) - ts_rank(close, 20)), 120)))",fundamental_momentum_spread,complete,IS,TOP3000,0,0.9768015426717276,-1.24,-0.59,-0.1136,0.5989,0.4957,-0.000458,-1.7825550000000001
"ts_decay_linear((ts_delta(vwap, 10) - ts_delta(vwap, 20)), 10)",acceleration,complete,IS,TOP3000,0,0.9765892341445365,0.33,0.15,0.0409,0.2712,0.1859,0.00044,-0.808364
"ts_decay_linear((ts_rank(vwap, 20) - ts_rank((ts_rank(close, 120) - ts_rank(close, 20)), 120)), 120)",fundamental_momentum_spread,complete,IS,TOP3000,0,1.0,-0.17,-0.06,-0.0177,0.339,0.0727,-0.000485,-1.101586
"rank((ts_rank(sales, 120) - ts_rank(cashflow, 120)))",fundamental_cross,complete,IS,TOP3000,0,1.0,0.04,0.0,0.0018,0.0933,0.0538,6.8e-05,-0.990655
"rank((ts_delta(close, 5) - ts_decay_linear(ts_delta(vwap, 5), 3)))",price_volume_divergence,complete,IS,TOP3000,0,0.9453064785331925,-1.44,-0.44,-0.0964,0.4987,1.0247,-0.000188,-1.740673
"zscore((ts_rank(high, 60) - ts_rank((ts_rank(close, 10) - ts_rank(close, 60)), 10)))",fundamental_momentum_spread,complete,IS,TOP3000,0,1.0,0.08,0.01,0.0072,0.2092,0.5393,2.7e-05,-0.9752
"zscore((ts_delta(returns, 5) - ts_decay_linear(ts_delta(close, 5), 5)))",price_volume_divergence,complete,IS,TOP3000,0,1.0,1.22,0.72,0.1277,0.0877,0.3625,0.000705,-0.15841500000000008
"rank((ts_rank(returns, 60) - ts_rank(eps, 60)))",fundamental_cross,complete,IS,TOP3000,0,0.900210308460949,-1.63,-0.52,-0.0882,0.4585,0.8763,-0.000201,-0.847811
"rank((ts_rank(eps, 20) - ts_rank((ts_rank(close, 10) - ts_rank(close, 20)), 10)))",fundamental_momentum_spread,complete,IS,TOP3000,0,1.0,1.25,0.36,0.0586,0.0472,0.7257,0.000161,-0.38772799999999996
"zscore(group_neutralize((returns - ts_mean(returns, 40)), industry))",mean_reversion,complete,IS,TOP3000,0,1.0,-0.98,-0.32,-0.1536,0.8021,1.4351,-0.000214,-1.538351
"rank((ts_rank(returns, 40) - ts_rank((ts_rank(returns, 60) - ts_rank(returns, 40)), 60)))",fundamental_momentum_spread,complete,IS,TOP3000,0,0.9907589082230984,-1.22,-0.29,-0.0669,0.3527,1.1983,-0.000112,-1.570433
"rank(((low - ts_mean(low, 10)) / (1 + ts_std_dev(low, 10))))",volatility_reversion,complete,IS,TOP3000,0,1.0,-1.6,-0.88,-0.1557,0.7851,0.5121,-0.000608,-2.088009
"zscore((ts_rank(vwap, 60) - ts_rank((ts_rank(close, 10) - ts_rank(close, 60)), 10)))",fundamental_momentum_spread,complete,IS,TOP3000,0,1.0,0.08,0.01,0.0071,0.1931,0.523,2.7e-05,-0.974725
"zscore((ts_rank((eps / (1 + sales)), 120) - ts_rank(sales, 120)))",quality_value,complete,IS,TOP3000,0,1.0,0.2,0.05,0.0072,0.0959,0.0507,0.000282,-0.909801
"ts_rank((ts_delta(eps, 5) - ts_delta(eps, 40)), 5)",acceleration,complete,IS,TOP3000,0,0.925408409020664,-0.15,-0.01,-0.0064,0.1059,0.7751,-1.7e-05,-1.055189
"zscore((ts_delta(volume, 60) - ts_delta(volume, 20)))",acceleration,complete,IS,TOP3000,0,0.9014237681047087,-0.08,-0.01,-0.0108,0.5537,0.9707,-2.2e-05,-0.047975
"zscore((ts_delta(vwap, 10) - ts_decay_linear(ts_delta(vwap, 10), 3)))",price_volume_divergence,complete,IS,TOP3000,0,0.9334036558283012,-0.53,-0.11,-0.0461,0.2765,1.092,-8.4e-05,-1.242483
"zscore((ts_rank(cashflow, 120) - ts_rank((ts_rank(close, 20) - ts_rank(close, 120)), 20)))",fundamental_momentum_spread,complete,IS,TOP3000,0,0.9908249718558166,1.17,0.42,0.0651,0.0501,0.5065,0.000257,-0.37229500000000004
"zscore((ts_rank(returns, 120) - ts_rank((ts_rank(vwap, 60) - ts_rank(vwap, 120)), 60)))",fundamental_momentum_spread,complete,IS,TOP3000,0,0.9578216588547601,-1.01,-0.28,-0.0677,0.3452,0.8954,-0.000151,-1.500772
"rank((ts_rank((eps / (1 + sales)), 60) - ts_rank(sales, 60)))",quality_value,complete,IS,TOP3000,0,1.0,0.03,0.0,0.001,0.0737,0.0637,3e-05,-0.993131
"zscore(group_neutralize((vwap - ts_mean(vwap, 10)), sector))",mean_reversion,complete,IS,TOP3000,0,0.8883268611519999,-1.27,-0.68,-0.1399,0.6927,0.4872,-0.000574,-0.8549730000000001
"zscore((ts_rank(close, 60) - ts_rank((ts_rank(volume, 5) - ts_rank(volume, 60)), 5)))",fundamental_momentum_spread,complete,IS,TOP3000,0,1.0,-1.11,-0.34,-0.0859,0.4812,0.9087,-0.000189,-1.5753080000000002
"zscore((ts_rank(close, 20) - ts_rank((ts_rank(close, 5) - ts_rank(close, 20)), 5)))",fundamental_momentum_spread,complete,IS,TOP3000,0,0.9608701626193039,-0.79,-0.25,-0.0699,0.3939,0.718,-0.000195,-1.416909
"zscore((ts_delta(low, 40) - ts_delta(low, 20)))",acceleration,complete,IS,TOP3000,0,0.9910584719204811,0.03,0.0,0.0026,0.2899,0.28,1.9e-05,-0.999489
"rank(group_neutralize(((vwap - ts_mean(vwap, 20)) / (1 + ts_rank(adv20, 20))), sector))",liquidity_reversal,complete,IS,TOP3000,0,0.9309160097031502,-1.27,-0.75,-0.1222,0.6438,0.3518,-0.000695,-1.89759
"ts_rank((ts_rank((vwap / (1 + sales)), 120) - ts_rank(sales, 120)), 120)",quality_value,complete,IS,TOP3000,0,0.9351609028973047,-0.84,-0.39,-0.0426,0.2384,0.1982,-0.00043,-1.51606
"zscore((ts_delta(returns, 10) - ts_delta(returns, 40)))",acceleration,complete,IS,TOP3000,0,0.943529048567139,-0.7,-0.17,-0.0818,0.4504,1.4488,-0.000113,-1.340556
"ts_rank(group_neutralize((returns - ts_mean(returns, 40)), industry), 40)",mean_reversion,complete,IS,TOP3000,0,0.9533170429274056,-1.1,-0.31,-0.1034,0.5441,1.3184,-0.000157,-1.556095
"ts_rank((ts_rank(low, 60) - ts_rank((ts_rank(close, 10) - ts_rank(close, 60)), 10)), 10)",fundamental_momentum_spread,complete,IS,TOP3000,0,0.9516525845671142,0.4,0.07,0.0219,0.0853,0.7872,5.6e-05,-0.835307
"zscore(group_neutralize((close - ts_mean(close, 20)), sector))",mean_reversion,complete,IS,TOP3000,0,0.923767215644037,-1.37,-0.9,-0.1581,0.7832,0.3662,-0.000864,-2.032144
"ts_rank((ts_delta(close, 10) - ts_delta(close, 20)), 10)",acceleration,complete,IS,TOP3000,0,0.9788308777068206,-0.42,-0.08,-0.0258,0.1608,0.6945,-7.4e-05,-1.184888
"rank((ts_rank((cashflow / (1 + sales)), 10) - ts_rank(sales, 10)))",quality_value,complete,IS,TOP3000,0,0.9383139998598672,0.62,0.21,0.0389,0.0945,0.3407,0.000228,-0.6772229999999999
"rank(group_neutralize((returns - ts_mean(returns, 20)), sector))",mean_reversion,complete,IS,TOP3000,0,0.9800718217092241,-1.25,-0.39,-0.127,0.6605,1.3071,-0.000194,-1.6584750000000001
"ts_rank((ts_rank(cashflow, 60) - ts_rank((ts_rank(cashflow, 10) - ts_rank(cashflow, 60)), 10)), 10)",fundamental_momentum_spread,complete,IS,TOP3000,0,0.9969441671845032,0.26,0.07,0.0101,0.0806,0.1389,0.000145,-0.87811
"zscore((ts_delta(cashflow, 5) - ts_delta(cashflow, 10)))",acceleration,complete,IS,TOP3000,0,0.8789535520622014,0.64,0.26,0.0961,0.245,0.5865,0.000328,0.361338
"zscore(group_neutralize((close - ts_mean(close, 40)), industry))",mean_reversion,complete,IS,TOP3000,0,0.9470265728765421,-1.06,-0.74,-0.1266,0.654,0.2575,-0.000983,-1.828748
"ts_decay_linear((ts_rank(returns, 60) - ts_rank((ts_rank(close, 10) - ts_rank(close, 60)), 10)), 10)",fundamental_momentum_spread,complete,IS,TOP3000,0,0.9906495854751468,0.06,0.01,0.0047,0.1264,0.2961,3.2e-05,-0.978916
"ts_rank((ts_delta(returns, 5) - ts_delta(returns, 10)), 5)",acceleration,complete,IS,TOP3000,0,0.9954874221150493,-0.24,-0.02,-0.0144,0.3043,1.3556,-2.1e-05,-1.095281
"rank((ts_rank((returns / (1 + sales)), 120) - ts_rank(sales, 120)))",quality_value,complete,IS,TOP3000,0,0.9290855717664128,-1.38,-0.46,-0.0867,0.4469,0.7961,-0.000218,-1.733343
"rank(group_neutralize((vwap - ts_mean(vwap, 40)), industry))",mean_reversion,complete,IS,TOP3000,0,0.9398924667200982,-1.14,-0.81,-0.1074,0.5773,0.2133,-0.001007,-1.894411
"rank((ts_rank(cashflow, 60) - ts_rank((ts_rank(vwap, 10) - ts_rank(vwap, 60)), 10)))",fundamental_momentum_spread,complete,IS,TOP3000,0,1.0,1.58,0.56,0.0868,0.0569,0.6885,0.000252,-0.15676299999999987
"ts_rank((ts_rank(vwap, 60) - ts_rank((ts_rank(vwap, 10) - ts_rank(vwap, 60)), 10)), 10)",fundamental_momentum_spread,complete,IS,TOP3000,0,0.9695821792794557,0.24,0.03,0.0132,0.1129,0.7154,3.7e-05,-0.910831
"zscore((ts_rank((returns / (1 + sales)), 120) - ts_rank(sales, 120)))",quality_value,complete,IS,TOP3000,0,1.0,-1.38,-0.46,-0.0915,0.4718,0.8264,-0.000222,-1.734474
"zscore((ts_rank(eps, 20) - ts_rank(sales, 20)))",fundamental_cross,complete,IS,TOP3000,0,0.9561075334124254,0.71,0.32,0.0475,0.1066,0.2306,0.000412,-0.578398
"ts_rank(((eps - ts_mean(eps, 10)) / (1 + ts_std_dev(eps, 10))), 10)",volatility_reversion,complete,IS,TOP3000,0,0.900654888191402,-0.76,-0.21,-0.0319,0.1939,0.4319,-0.000148,-0.372869
"ts_decay_linear((ts_delta(close, 120) - ts_decay_linear(ts_delta(close, 120), 10)), 120)",price_volume_divergence,complete,IS,TOP3000,0,0.9928901457960798,-0.29,-0.13,-0.0234,0.2115,0.0736,-0.000635,-1.179717
"ts_rank((ts_rank(cashflow, 20) - ts_rank((ts_rank(vwap, 10) - ts_rank(vwap, 20)), 10)), 10)",fundamental_momentum_spread,complete,IS,TOP3000,0,0.9677339925477121,0.7,0.15,0.0354,0.0654,0.8109,8.7e-05,-0.69163
"ts_rank((ts_delta(eps, 120) - ts_delta(eps, 20)), 120)",acceleration,complete,IS,TOP3000,0,0.9819456683605152,0.17,0.03,0.0042,0.0482,0.0578,0.000145,-0.9306099999999999
"zscore(group_neutralize(((returns - ts_mean(returns, 40)) / (1 + ts_rank(adv20, 40))), industry))",liquidity_reversal,complete,IS,TOP3000,0,0.9827841637960898,-1.05,-0.35,-0.1553,0.8052,1.4382,-0.000216,-1.57908
"zscore((ts_delta(vwap, 10) - ts_delta(vwap, 60)))",acceleration,complete,IS,TOP3000,0,1.0,0.11,0.03,0.0108,0.2393,0.1783,0.000121,-0.953815
"zscore((ts_rank((vwap / (1 + sales)), 10) - ts_rank(sales, 10)))",quality_value,complete,IS,TOP3000,0,0.9082356726052727,-1.57,-0.74,-0.1387,0.7099,0.6176,-0.000449,-0.984393
"rank((ts_rank(returns, 40) - ts_rank((ts_rank(cashflow, 10) - ts_rank(cashflow, 40)), 10)))",fundamental_momentum_spread,complete,IS,TOP3000,0,0.9622728373938023,-1.69,-0.52,-0.1123,0.5766,1.1651,-0.000193,-1.871282
"rank(group_neutralize((vwap - ts_mean(vwap, 5)), subindustry))",mean_reversion,complete,IS,TOP3000,0,0.906600243805244,-1.97,-0.83,-0.1149,0.5684,0.6451,-0.000356,-1.156744
"ts_decay_linear((ts_delta(close, 10) - ts_delta(close, 20)), 10)",acceleration,complete,IS,TOP3000,0,0.9896868224665385,0.42,0.22,0.0516,0.2331,0.1858,0.000555,-0.733865
"zscore((ts_delta(eps, 5) - ts_delta(eps, 20)))",acceleration,complete,IS,TOP3000,0,1.0,0.05,0.01,0.0049,0.2684,0.2596,3.8e-05,-0.98616
"zscore(group_neutralize((vwap - ts_mean(vwap, 10)), industry))",mean_reversion,complete,IS,TOP3000,0,1.0,-1.27,-0.68,-0.1399,0.6927,0.4872,-0.000574,-1.8549730000000002
"rank((ts_delta(eps, 10) - ts_delta(eps, 40)))",acceleration,complete,IS,TOP3000,0,0.9333606179060452,-0.65,-0.23,-0.0203,0.1498,0.1579,-0.000258,-1.350618
"rank((ts_delta(vwap, 10) - ts_decay_linear(ts_delta(vwap, 10), 3)))",price_volume_divergence,complete,IS,TOP3000,0,0.9786856080962433,-1.21,-0.35,-0.0867,0.4411,1.0091,-0.000172,-1.6106690000000001
"ts_rank((ts_rank(sales, 120) - ts_rank((ts_rank(returns, 60) - ts_rank(returns, 120)), 60)), 60)",fundamental_momentum_spread,complete,IS,TOP3000,0,1.0,-0.19,-0.02,-0.0075,0.1272,0.9385,-1.6e-05,-1.074416
"zscore((ts_rank((cashflow / (1 + sales)), 120) - ts_rank(sales, 120)))",quality_value,complete,IS,TOP3000,0,1.0,0.17,0.04,0.0064,0.0989,0.0476,0.000268,-0.925455
"rank((ts_rank(eps, 60) - ts_rank((ts_rank(sales, 120) - ts_rank(sales, 60)), 120)))",fundamental_momentum_spread,complete,IS,TOP3000,0,0.9719268109116147,0.47,0.16,0.0136,0.0435,0.0789,0.000344,-0.755217
"zscore((ts_rank(sales, 60) - ts_rank((ts_rank(close, 10) - ts_rank(close, 60)), 10)))",fundamental_momentum_spread,complete,IS,TOP3000,0,1.0,1.59,0.58,0.0833,0.0511,0.6179,0.00027,-0.14086900000000002
"zscore((ts_rank(eps, 60) - ts_rank((ts_rank(sales, 10) - ts_rank(sales, 60)), 10)))",fundamental_momentum_spread,complete,IS,TOP3000,0,0.9688807407467862,-0.17,-0.04,-0.0055,0.0846,0.1143,-9.7e-05,-1.079978
"rank((ts_rank(sales, 20) - ts_rank((ts_rank(returns, 120) - ts_rank(returns, 20)), 120)))",fundamental_momentum_spread,complete,IS,TOP3000,0,0.9773440336113288,0.5,0.08,0.0241,0.0664,0.9831,4.9e-05,-0.798064
"rank((ts_rank(vwap, 60) - ts_rank((ts_rank(vwap, 5) - ts_rank(vwap, 60)), 5)))",fundamental_momentum_spread,complete,IS,TOP3000,0,0.9177354549724768,-0.41,-0.1,-0.0365,0.3114,0.6456,-0.000113,-0.200262
"ts_rank((ts_rank((eps / (1 + sales)), 20) - ts_rank(sales, 20)), 20)",quality_value,complete,IS,TOP3000,0,0.9538147895933422,-0.49,-0.14,-0.0189,0.1445,0.23,-0.000165,-1.243847
"zscore(group_neutralize((close - ts_mean(close, 40)), subindustry))",mean_reversion,complete,IS,TOP3000,0,0.9195280686680275,-0.93,-0.53,-0.0857,0.4392,0.2631,-0.000651,-0.6435320000000001
"rank((ts_rank(returns, 60) - ts_rank((ts_rank(sales, 10) - ts_rank(sales, 60)), 10)))",fundamental_momentum_spread,complete,IS,TOP3000,0,0.9717980740161443,-1.43,-0.47,-0.0716,0.3674,0.6689,-0.000214,-1.75125
"zscore((ts_delta(eps, 10) - ts_delta(eps, 40)))",acceleration,complete,IS,TOP3000,0,0.9929588458642447,-0.05,-0.01,-0.0039,0.2064,0.1677,-4.6e-05,-1.028004
"rank((ts_rank((vwap / (1 + sales)), 20) - ts_rank(sales, 20)))",quality_value,complete,IS,TOP3000,0,0.9308806804102226,-1.12,-0.52,-0.094,0.479,0.435,-0.000432,-1.69589
"rank((ts_rank((vwap / (1 + cashflow)), 10) - ts_rank(cashflow, 10)))",quality_value,complete,IS,TOP3000,0,0.8953253602254363,-1.3,-0.37,-0.0486,0.2758,0.6062,-0.00016,-0.6426620000000001
"rank((ts_rank(returns, 20) - ts_rank((ts_rank(cashflow, 5) - ts_rank(cashflow, 20)), 5)))",fundamental_momentum_spread,complete,IS,TOP3000,0,0.9939672267843933,-1.59,-0.46,-0.1078,0.5563,1.2696,-0.00017,-1.801313
"ts_decay_linear((ts_rank(vwap, 60) - ts_rank((ts_rank(vwap, 5) - ts_rank(vwap, 60)), 5)), 5)",fundamental_momentum_spread,complete,IS,TOP3000,0,0.9862767584823724,-0.34,-0.11,-0.0344,0.2961,0.3364,-0.000205,-1.185135
"zscore((ts_delta(volume, 10) - ts_decay_linear(ts_delta(volume, 10), 3)))",price_volume_divergence,complete,IS,TOP3000,0,0.8853008901190347,0.14,0.02,0.0286,0.3059,1.4528,3.9e-05,0.04811100000000001
"ts_rank((ts_rank(returns, 60) - ts_rank(returns, 120)), 60)",momentum,complete,IS,TOP3000,0,1.0,0.7,0.12,0.0339,0.0781,1.117,6.1e-05,-0.711631
"zscore(group_neutralize(((returns - ts_mean(returns, 5)) / (1 + ts_rank(adv20, 5))), sector))",liquidity_reversal,complete,IS,TOP3000,0,0.9690424440239176,-0.51,-0.11,-0.0709,0.4455,1.4654,-9.7e-05,-1.243537
"rank((ts_delta(returns, 10) - ts_decay_linear(ts_delta(close, 10), 3)))",price_volume_divergence,complete,IS,TOP3000,0,0.9887091693427679,1.12,0.68,0.1004,0.0836,0.2742,0.000732,-0.216476
"zscore((ts_rank(vwap, 120) - ts_rank((ts_rank(vwap, 5) - ts_rank(vwap, 120)), 5)))",fundamental_momentum_spread,complete,IS,TOP3000,0,1.0,-0.3,-0.06,-0.0305,0.3134,0.6679,-9.1e-05,-1.140842
"zscore((ts_rank(eps, 20) - ts_rank((ts_rank(sales, 120) - ts_rank(sales, 20)), 120)))",fundamental_momentum_spread,complete,IS,TOP3000,0,1.0,-0.0,-0.0,-0.0001,0.0846,0.1161,-2e-06,-1.002546
"ts_decay_linear((ts_delta(close, 60) - ts_decay_linear(ts_delta(close, 60), 5)), 60)",price_volume_divergence,complete,IS,TOP3000,0,0.9781951836317139,-0.8,-0.55,-0.066,0.3687,0.1406,-0.000938,-1.613841
"rank((ts_rank(cashflow, 60) - ts_rank((ts_rank(adv20, 10) - ts_rank(adv20, 60)), 10)))",fundamental_momentum_spread,complete,IS,TOP3000,0,0.9460914316903859,-0.12,-0.01,-0.0039,0.0636,0.4958,-1.6e-05,-1.04472
"ts_rank((ts_rank(eps, 60) - ts_rank((ts_rank(vwap, 120) - ts_rank(vwap, 60)), 120)), 120)",fundamental_momentum_spread,complete,IS,TOP3000,0,0.9883538651787307,-0.67,-0.24,-0.0336,0.2322,0.2699,-0.000249,-1.366654
"ts_decay_linear(((vwap - ts_mean(vwap, 120)) / (1 + ts_std_dev(vwap, 120))), 120)",volatility_reversion,complete,IS,TOP3000,0,0.9826936785261564,-0.05,-0.01,-0.0071,0.2928,0.0256,-0.000556,-1.030852
"rank((ts_rank(cashflow, 60) - ts_rank((ts_rank(eps, 10) - ts_rank(eps, 60)), 10)))",fundamental_momentum_spread,complete,IS,TOP3000,0,0.9637556117591831,-0.6,-0.21,-0.0147,0.0989,0.1067,-0.000276,-1.320643
"zscore((ts_rank((close / (1 + sales)), 60) - ts_rank(sales, 60)))",quality_value,complete,IS,TOP3000,0,0.9878300265979154,-0.91,-0.49,-0.0622,0.3288,0.2167,-0.000574,-1.6063399999999999
"zscore((ts_delta(cashflow, 20) - ts_delta(cashflow, 60)))",acceleration,complete,IS,TOP3000,0,1.0,-0.02,-0.0,-0.0019,0.2054,0.1179,-3.2e-05,-1.012314
"zscore((ts_rank(cashflow, 20) - ts_rank(sales, 20)))",fundamental_cross,complete,IS,TOP3000,0,1.0,0.68,0.26,0.0341,0.0937,0.2326,0.000294,-0.6270830000000001
"ts_rank((ts_delta(returns, 120) - ts_decay_linear(ts_delta(close, 120), 3)), 120)",price_volume_divergence,complete,IS,TOP3000,0,0.9326717128245242,0.58,0.34,0.0499,0.1365,0.1477,0.000676,-0.605103
"zscore((ts_rank(vwap, 20) - ts_rank((ts_rank(vwap, 60) - ts_rank(vwap, 20)), 60)))",fundamental_momentum_spread,complete,IS,TOP3000,0,0.9765429388141237,-1.21,-0.53,-0.1063,0.5507,0.5439,-0.000391,-1.7325249999999999
"ts_rank((ts_rank(eps, 20) - ts_rank((ts_rank(vwap, 5) - ts_rank(vwap, 20)), 5)), 5)",fundamental_momentum_spread,complete,IS,TOP3000,0,1.0,-0.45,-0.07,-0.0255,0.2026,1.0414,-4.9e-05,-1.188618
"zscore((ts_delta(low, 20) - ts_decay_linear(ts_delta(vwap, 20), 3)))",price_volume_divergence,complete,IS,TOP3000,0,0.957063898942296,-0.92,-0.24,-0.0766,0.4179,1.1553,-0.000133,-1.450665
"rank((ts_delta(sales, 10) - ts_delta(sales, 20)))",acceleration,complete,IS,TOP3000,0,1.0,0.37,0.09,0.0201,0.1296,0.3134,0.000128,-0.8327800000000001
"rank(group_neutralize((returns - ts_mean(returns, 10)), subindustry))",mean_reversion,complete,IS,TOP3000,0,0.9651463143666444,-1.12,-0.3,-0.0906,0.4735,1.2734,-0.000142,-1.552453
"zscore((ts_rank(cashflow, 60) - ts_rank((ts_rank(vwap, 10) - ts_rank(vwap, 60)), 10)))",fundamental_momentum_spread,complete,IS,TOP3000,0,1.0,1.58,0.57,0.09,0.0562,0.6915,0.00026,-0.14998599999999995
"rank(group_neutralize((close - ts_mean(close, 10)), sector))",mean_reversion,complete,IS,TOP3000,0,0.974614938596853,-1.67,-0.91,-0.1568,0.7788,0.5313,-0.00059,-2.1284080000000003
"zscore((ts_rank(returns, 60) - ts_rank((ts_rank(sales, 5) - ts_rank(sales, 60)), 5)))",fundamental_momentum_spread,complete,IS,TOP3000,0,1.0,-1.38,-0.46,-0.0716,0.3679,0.6471,-0.000221,-1.729765
"zscore((ts_rank(close, 40) - ts_rank((ts_rank(returns, 5) - ts_rank(returns, 40)), 5)))",fundamental_momentum_spread,complete,IS,TOP3000,0,1.0,-1.11,-0.34,-0.0962,0.5116,1.0001,-0.000192,-1.577044
"ts_rank((ts_delta(low, 10) - ts_delta(low, 5)), 10)",acceleration,complete,IS,TOP3000,0,0.9638776922172179,0.16,0.02,0.011,0.1309,0.7493,2.9e-05,-0.942047
"ts_rank((ts_rank(returns, 60) - ts_rank((ts_rank(vwap, 5) - ts_rank(vwap, 60)), 5)), 5)",fundamental_momentum_spread,complete,IS,TOP3000,0,0.9632702147217578,-1.14,-0.24,-0.054,0.2899,1.2293,-8.8e-05,-1.511017
"rank((ts_delta(cashflow, 60) - ts_delta(cashflow, 40)))",acceleration,complete,IS,TOP3000,0,1.0,-0.1,-0.02,-0.0081,0.2237,0.1868,-8.7e-05,-1.050359
"rank((ts_rank(close, 10) - ts_rank(close, 60)))",momentum,complete,IS,TOP3000,0,0.9402126142536358,-1.01,-0.38,-0.0786,0.4326,0.5592,-0.000281,-1.569266
"zscore((ts_delta(returns, 120) - ts_delta(returns, 60)))",acceleration,complete,IS,TOP3000,0,0.9323373968206079,-0.93,-0.25,-0.1039,0.5366,1.4426,-0.000144,-1.46591
"zscore((ts_delta(high, 40) - ts_delta(high, 20)))",acceleration,complete,IS,TOP3000,0,1.0,-0.05,-0.01,-0.0044,0.2739,0.2809,-3.1e-05,-1.030069
"zscore(((eps - ts_mean(eps, 120)) / (1 + ts_std_dev(eps, 120))))",volatility_reversion,complete,IS,TOP3000,0,1.0,0.08,0.01,0.0038,0.1089,0.0648,0.000118,-0.972463
"rank((ts_rank(close, 20) - ts_rank(close, 120)))",momentum,complete,IS,TOP3000,0,0.9583882469247338,-0.76,-0.32,-0.0722,0.4323,0.3995,-0.000362,-1.454745
"zscore((ts_rank(eps, 20) - ts_rank((ts_rank(returns, 120) - ts_rank(returns, 20)), 120)))",fundamental_momentum_spread,complete,IS,TOP3000,0,1.0,0.46,0.07,0.0222,0.0564,0.999,4.4e-05,-0.816416
"rank(group_neutralize((vwap - ts_mean(vwap, 10)), sector))",mean_reversion,complete,IS,TOP3000,0,0.990340778698484,-1.6,-0.89,-0.1497,0.7481,0.4871,-0.000615,-2.092919
"zscore((ts_rank(close, 60) - ts_rank((ts_rank(adv20, 5) - ts_rank(adv20, 60)), 5)))",fundamental_momentum_spread,complete,IS,TOP3000,0,0.9976025543886091,-0.93,-0.32,-0.074,0.4101,0.6258,-0.000237,-1.505223
"ts_rank((ts_rank(vwap, 20) - ts_rank(vwap, 60)), 20)",momentum,complete,IS,TOP3000,0,0.9959387633571612,-1.31,-0.5,-0.0798,0.4278,0.5436,-0.000294,-1.737218
"zscore(group_neutralize(((close - ts_mean(close, 20)) / (1 + ts_rank(volume, 20))), subindustry))",liquidity_reversal,complete,IS,TOP3000,0,0.964268642042529,-1.1,-0.54,-0.096,0.494,0.3933,-0.000488,-1.7035
"rank((ts_rank(close, 20) - ts_rank((ts_rank(close, 120) - ts_rank(close, 20)), 120)))",fundamental_momentum_spread,complete,IS,TOP3000,0,1.0,-1.32,-0.61,-0.1144,0.5897,0.5319,-0.00043,-1.819343
"rank((ts_rank(vwap, 60) - ts_rank((ts_rank(eps, 40) - ts_rank(eps, 60)), 40)))",fundamental_momentum_spread,complete,IS,TOP3000,0,0.9705275716307327,-0.5,-0.22,-0.0321,0.1969,0.1709,-0.000376,-1.301475
"zscore((ts_rank(returns, 60) - ts_rank((ts_rank(cashflow, 10) - ts_rank(cashflow, 60)), 10)))",fundamental_momentum_spread,complete,IS,TOP3000,0,1.0,-1.66,-0.53,-0.1112,0.5699,1.0938,-0.000203,-1.868493
"ts_rank((ts_rank((cashflow / (1 + sales)), 20) - ts_rank((sales / (1 + cashflow)), 20)), 20)",quality_efficiency,complete,IS,TOP3000,0,0.9497478041784616,0.84,0.26,0.023,0.0312,0.2332,0.000197,-0.5780959999999999
"zscore(group_neutralize((vwap - ts_mean(vwap, 10)), subindustry))",mean_reversion,complete,IS,TOP3000,0,0.9416119606399509,-1.22,-0.55,-0.0993,0.52,0.4873,-0.000408,-1.747044
"rank((ts_delta(low, 10) - ts_decay_linear(ts_delta(vwap, 10), 5)))",price_volume_divergence,complete,IS,TOP3000,0,0.9880290931501804,-1.23,-0.38,-0.0848,0.4314,0.8704,-0.000195,-1.635726
"rank(group_neutralize(((close - ts_mean(close, 40)) / (1 + ts_rank(volume, 40))), industry))",liquidity_reversal,complete,IS,TOP3000,0,0.9562866414376799,-1.18,-0.76,-0.1098,0.5902,0.2621,-0.000838,-1.8744900000000002
"rank((ts_rank(vwap, 20) - ts_rank((ts_rank(returns, 10) - ts_rank(returns, 20)), 10)))",fundamental_momentum_spread,complete,IS,TOP3000,0,1.0,-1.14,-0.36,-0.0895,0.4669,0.894,-0.0002,-1.597167
"ts_rank((ts_rank(cashflow, 40) - ts_rank((ts_rank(close, 20) - ts_rank(close, 40)), 20)), 20)",fundamental_momentum_spread,complete,IS,TOP3000,0,1.0,1.66,0.61,0.0857,0.083,0.6394,0.000268,-0.10113400000000006
"ts_rank((ts_delta(sales, 10) - ts_delta(sales, 20)), 10)",acceleration,complete,IS,TOP3000,0,0.9793375052730671,0.58,0.14,0.0232,0.0829,0.4108,0.000113,-0.7356309999999999
"rank(group_neutralize(((close - ts_mean(close, 40)) / (1 + ts_rank(adv20, 40))), subindustry))",liquidity_reversal,complete,IS,TOP3000,0,0.986330170413417,-1.41,-0.89,-0.0953,0.4958,0.2387,-0.000798,-2.0239979999999997
"ts_rank((ts_rank(cashflow, 20) - ts_rank((ts_rank(sales, 10) - ts_rank(sales, 20)), 10)), 10)",fundamental_momentum_spread,complete,IS,TOP3000,0,0.9839634959205946,0.54,0.13,0.0161,0.083,0.288,0.000112,-0.754702
"rank((ts_rank(vwap, 10) - ts_rank(vwap, 20)))",momentum,complete,IS,TOP3000,0,0.9873552528277325,-1.17,-0.38,-0.0689,0.3723,0.6385,-0.000216,-1.614681
"rank((ts_delta(sales, 60) - ts_decay_linear(ts_delta(cashflow, 60), 3)))",price_volume_divergence,complete,IS,TOP3000,0,0.9845978566015241,0.05,0.01,0.0018,0.1209,0.0665,5.4e-05,-0.981983
"ts_rank((ts_rank(close, 60) - ts_rank((ts_rank(vwap, 120) - ts_rank(vwap, 60)), 120)), 120)",fundamental_momentum_spread,complete,IS,TOP3000,0,0.9792126066084428,-1.17,-0.58,-0.0935,0.5288,0.3781,-0.000495,-1.751344
"zscore(group_neutralize(((returns - ts_mean(returns, 10)) / (1 + ts_rank(adv20, 10))), subindustry))",liquidity_reversal,complete,IS,TOP3000,0,0.9212434746262446,-1.0,-0.29,-0.1257,0.6637,1.4454,-0.000174,-1.518467
"rank(group_neutralize((returns - ts_mean(returns, 10)), industry))",mean_reversion,complete,IS,TOP3000,0,1.0,-1.03,-0.29,-0.1018,0.5346,1.2859,-0.000158,-1.521682
"rank((ts_rank(cashflow, 60) - ts_rank((ts_rank(sales, 120) - ts_rank(sales, 60)), 120)))",fundamental_momentum_spread,complete,IS,TOP3000,0,1.0,0.21,0.05,0.0062,0.075,0.0797,0.000156,-0.906254
"zscore((ts_rank(eps, 120) - ts_rank((ts_rank(close, 20) - ts_rank(close, 120)), 20)))",fundamental_momentum_spread,complete,IS,TOP3000,0,1.0,1.21,0.47,0.0622,0.0413,0.4047,0.000307,-0.327763
"zscore((ts_rank(high, 60) - ts_rank((ts_rank(volume, 10) - ts_rank(volume, 60)), 10)))",fundamental_momentum_spread,complete,IS,TOP3000,0,1.0,-0.84,-0.25,-0.0695,0.4269,0.7605,-0.000183,-1.432867
"zscore((ts_delta(close, 120) - ts_delta(close, 60)))",acceleration,complete,IS,TOP3000,0,1.0,0.02,0.0,0.0022,0.2042,0.1844,2.4e-05,-0.99995
"ts_decay_linear((ts_rank(returns, 20) - ts_rank((ts_rank(close, 120) - ts_rank(close, 20)), 120)), 120)",fundamental_momentum_spread,complete,IS,TOP3000,0,0.9777567520395103,-0.16,-0.05,-0.0111,0.2422,0.0634,-0.000351,-1.088654
"rank((ts_rank(eps, 120) - ts_rank(sales, 120)))",fundamental_cross,complete,IS,TOP3000,0,1.0,0.33,0.1,0.0113,0.0805,0.0463,0.000488,-0.837511
"rank((ts_delta(vwap, 10) - ts_delta(vwap, 5)))",acceleration,complete,IS,TOP3000,0,0.9681559970279295,-0.3,-0.06,-0.0224,0.2019,0.5397,-8.3e-05,-1.136849
"ts_rank((ts_rank(sales, 60) - ts_rank((ts_rank(close, 20) - ts_rank(close, 60)), 20)), 20)",fundamental_momentum_spread,complete,IS,TOP3000,0,1.0,1.61,0.59,0.0818,0.0625,0.605,0.00027,-0.12883099999999992
"zscore((ts_delta(vwap, 20) - ts_decay_linear(ts_delta(vwap, 20), 5)))",price_volume_divergence,complete,IS,TOP3000,0,0.9532978517743868,-0.78,-0.23,-0.0739,0.3935,0.8444,-0.000175,-1.401217
"zscore((ts_rank(low, 60) - ts_rank((ts_rank(volume, 5) - ts_rank(volume, 60)), 5)))",fundamental_momentum_spread,complete,IS,TOP3000,0,0.9950814589525496,-1.02,-0.3,-0.078,0.444,0.917,-0.00017,-1.5205600000000001
"ts_rank((ts_rank(vwap, 60) - ts_rank((ts_rank(sales, 5) - ts_rank(sales, 60)), 5)), 5)",fundamental_momentum_spread,complete,IS,TOP3000,0,0.9817672445519163,-1.4,-0.45,-0.0862,0.482,0.8375,-0.000206,-1.733856
"ts_decay_linear((ts_rank(cashflow, 40) - ts_rank((ts_rank(close, 120) - ts_rank(close, 40)), 120)), 120)",fundamental_momentum_spread,complete,IS,TOP3000,0,0.9758063489498494,0.0,0.0,0.0002,0.2021,0.0448,9e-06,-1.006047
"zscore((ts_delta(sales, 120) - ts_delta(sales, 20)))",acceleration,complete,IS,TOP3000,0,0.9548977760441743,0.38,0.19,0.0315,0.156,0.0564,0.001117,-0.76466
"zscore((ts_rank(close, 20) - ts_rank((ts_rank(sales, 120) - ts_rank(sales, 20)), 120)))",fundamental_momentum_spread,complete,IS,TOP3000,0,0.9597294381194188,-1.11,-0.53,-0.0828,0.4356,0.3616,-0.000458,-1.697192
"zscore(group_neutralize(((vwap - ts_mean(vwap, 5)) / (1 + ts_rank(adv20, 5))), industry))",liquidity_reversal,complete,IS,TOP3000,0,0.9504694065681406,-0.84,-0.29,-0.0885,0.4434,0.7666,-0.000231,-1.460882
"rank(group_neutralize(((cashflow - ts_mean(cashflow, 10)) / (1 + ts_rank(adv20, 10))), subindustry))",liquidity_reversal,complete,IS,TOP3000,0,0.9472198730040504,0.79,0.27,0.0417,0.1196,0.3584,0.000233,-0.587752
"rank(group_neutralize(((returns - ts_mean(returns, 10)) / (1 + ts_rank(volume, 10))), subindustry))",liquidity_reversal,complete,IS,TOP3000,0,0.9810005629461498,-1.1,-0.29,-0.088,0.4607,1.2681,-0.000139,-1.539361
"zscore(group_neutralize((returns - ts_mean(returns, 40)), subindustry))",mean_reversion,complete,IS,TOP3000,0,1.0,-1.03,-0.33,-0.1443,0.7597,1.4356,-0.000201,-1.557835
"zscore((ts_delta(low, 10) - ts_delta(low, 5)))",acceleration,complete,IS,TOP3000,0,1.0,-0.22,-0.04,-0.0192,0.2192,0.5774,-6.7e-05,-1.100112
"ts_rank((ts_rank(low, 60) - ts_rank((ts_rank(vwap, 5) - ts_rank(vwap, 60)), 5)), 5)",fundamental_momentum_spread,complete,IS,TOP3000,0,0.9932348083871135,-0.77,-0.17,-0.0459,0.2698,0.9812,-9.4e-05,-1.353266
"ts_rank((ts_delta(high, 40) - ts_delta(high, 5)), 40)",acceleration,complete,IS,TOP3000,0,0.9863455037141695,-0.05,-0.01,-0.0039,0.1728,0.3438,-2.2e-05,-1.026996
"rank((ts_rank(vwap, 20) - ts_rank((ts_rank(close, 5) - ts_rank(close, 20)), 5)))",fundamental_momentum_spread,complete,IS,TOP3000,0,0.9617723636776982,-0.63,-0.17,-0.052,0.3127,0.7363,-0.000141,-1.3130410000000001
"rank(group_neutralize(((close - ts_mean(close, 5)) / (1 + ts_rank(adv20, 5))), sector))",liquidity_reversal,complete,IS,TOP3000,0,0.8989298267491697,-1.86,-0.85,-0.1626,0.8071,0.7859,-0.000414,-1.147721
"zscore((ts_rank(eps, 60) - ts_rank((ts_rank(close, 10) - ts_rank(close, 60)), 10)))",fundamental_momentum_spread,complete,IS,TOP3000,0,1.0,1.71,0.63,0.082,0.0389,0.602,0.000272,-0.07210699999999992
"rank(group_neutralize(((close - ts_mean(close, 60)) / (1 + ts_rank(vwap, 60))), subindustry))",liquidity_reversal,complete,IS,TOP3000,0,1.0,-1.36,-0.96,-0.094,0.5059,0.1884,-0.000998,-2.054697
"rank(group_neutralize(((vwap - ts_mean(vwap, 40)) / (1 + ts_rank(adv20, 40))), industry))",liquidity_reversal,complete,IS,TOP3000,0,0.9921414542771889,-1.1,-0.75,-0.1033,0.5574,0.2224,-0.000929,-1.842486
"rank((ts_rank(cashflow, 60) - ts_rank((ts_rank(close, 5) - ts_rank(close, 60)), 5)))",fundamental_momentum_spread,complete,IS,TOP3000,0,0.967467287114891,0.76,0.16,0.0418,0.1001,0.9339,9e-05,-0.667659
"zscore((ts_delta(close, 5) - ts_decay_linear(ts_delta(vwap, 5), 3)))",price_volume_divergence,complete,IS,TOP3000,0,0.989846520166212,-1.17,-0.36,-0.1018,0.525,1.1049,-0.000184,-1.6088939999999998
"rank((ts_rank((close / (1 + sales)), 20) - ts_rank(sales, 20)))",quality_value,complete,IS,TOP3000,0,0.9631063303556803,-1.26,-0.6,-0.1059,0.5299,0.4629,-0.000458,-1.7923689999999999
"zscore(group_neutralize(((returns - ts_mean(returns, 120)) / (1 + ts_rank(eps, 120))), industry))",liquidity_reversal,complete,IS,TOP3000,0,0.8440324587012811,-1.3,-0.49,-0.205,1.0443,1.441,-0.000285,-0.756229
"ts_rank((ts_rank(low, 60) - ts_rank((ts_rank(sales, 10) - ts_rank(sales, 60)), 10)), 10)",fundamental_momentum_spread,complete,IS,TOP3000,0,0.9956824940793522,-1.28,-0.46,-0.0747,0.4305,0.5823,-0.000256,-1.701891
"rank((ts_rank(low, 60) - ts_rank((ts_rank(vwap, 10) - ts_rank(vwap, 60)), 10)))",fundamental_momentum_spread,complete,IS,TOP3000,0,1.0,0.13,0.02,0.0106,0.1759,0.5007,4.2e-05,-0.952429
"zscore((ts_rank(cashflow, 60) - ts_rank((ts_rank(adv20, 10) - ts_rank(adv20, 60)), 10)))",fundamental_momentum_spread,complete,IS,TOP3000,0,1.0,-0.06,-0.0,-0.0021,0.0662,0.4873,-9e-06,-1.020154
"rank((ts_rank(eps, 120) - ts_rank((ts_rank(returns, 60) - ts_rank(returns, 120)), 60)))",fundamental_momentum_spread,complete,IS,TOP3000,0,0.9657275069430236,-0.08,-0.01,-0.0032,0.0906,0.7391,-9e-06,-1.033474
"ts_decay_linear((ts_delta(vwap, 120) - ts_delta(vwap, 60)), 120)",acceleration,complete,IS,TOP3000,0,1.0,-0.09,-0.03,-0.0104,0.306,0.0283,-0.000733,-1.056512
"ts_rank((ts_delta(vwap, 60) - ts_delta(vwap, 40)), 60)",acceleration,complete,IS,TOP3000,0,0.9214983868538549,-0.95,-0.39,-0.0585,0.3538,0.3476,-0.000337,-1.553794
"ts_rank((ts_rank((low / (1 + sales)), 120) - ts_rank(sales, 120)), 120)",quality_value,complete,IS,TOP3000,0,1.0,-0.74,-0.32,-0.0371,0.2187,0.2008,-0.00037,-1.439529
"zscore((ts_rank(returns, 20) - ts_rank((ts_rank(sales, 10) - ts_rank(sales, 20)), 10)))",fundamental_momentum_spread,complete,IS,TOP3000,0,0.9724957664187954,-1.51,-0.44,-0.0877,0.4695,1.0198,-0.000172,-1.7601010000000001
"rank((ts_rank(close, 60) - ts_rank((ts_rank(volume, 20) - ts_rank(volume, 60)), 20)))",fundamental_momentum_spread,complete,IS,TOP3000,0,1.0,-0.92,-0.31,-0.0718,0.4033,0.6461,-0.000222,-1.495343
"zscore((ts_delta(low, 120) - ts_delta(low, 60)))",acceleration,complete,IS,TOP3000,0,1.0,0.06,0.01,0.0063,0.1938,0.1723,7.3e-05,-0.98081
"rank((ts_rank(vwap, 40) - ts_rank((ts_rank(vwap, 20) - ts_rank(vwap, 40)), 20)))",fundamental_momentum_spread,complete,IS,TOP3000,0,1.0,-0.04,-0.0,-0.0032,0.2187,0.3991,-1.6e-05,-1.018817
"rank(group_neutralize(((vwap - ts_mean(vwap, 10)) / (1 + ts_rank(volume, 10))), industry))",liquidity_reversal,complete,IS,TOP3000,0,0.9344837368185837,-1.62,-0.89,-0.139,0.6912,0.462,-0.000602,-2.096356
"rank(((eps - ts_mean(eps, 60)) / (1 + ts_std_dev(eps, 60))))",volatility_reversion,complete,IS,TOP3000,0,0.9928300652373381,0.24,0.06,0.0069,0.053,0.0621,0.000221,-0.890038
"ts_decay_linear((ts_rank(returns, 20) - ts_rank((ts_rank(vwap, 5) - ts_rank(vwap, 20)), 5)), 5)",fundamental_momentum_spread,complete,IS,TOP3000,0,1.0,-1.0,-0.35,-0.0713,0.3743,0.5675,-0.000251,-1.544433
"ts_decay_linear((ts_rank(cashflow, 60) - ts_rank((ts_rank(close, 10) - ts_rank(close, 60)), 10)), 10)",fundamental_momentum_spread,complete,IS,TOP3000,0,0.9691725991382464,1.15,0.55,0.0648,0.0669,0.2795,0.000464,-0.294323
"zscore((ts_rank(vwap, 60) - ts_rank((ts_rank(eps, 10) - ts_rank(eps, 60)), 10)))",fundamental_momentum_spread,complete,IS,TOP3000,0,1.0,-0.88,-0.47,-0.0527,0.3118,0.1868,-0.000564,-1.58307
"zscore(group_neutralize(((close - ts_mean(close, 20)) / (1 + ts_rank(adv20, 20))), industry))",liquidity_reversal,complete,IS,TOP3000,0,0.9697636546227367,-1.39,-0.9,-0.1616,0.8013,0.3893,-0.00083,-2.038967
"ts_decay_linear((ts_delta(low, 60) - ts_decay_linear(ts_delta(vwap, 60), 10)), 60)",price_volume_divergence,complete,IS,TOP3000,0,1.0,-0.32,-0.16,-0.0296,0.2173,0.1029,-0.000574,-1.208887
"ts_decay_linear((ts_delta(vwap, 10) - ts_decay_linear(ts_delta(vwap, 10), 10)), 10)",price_volume_divergence,complete,IS,TOP3000,0,0.9427249321346178,-0.46,-0.17,-0.0376,0.314,0.2861,-0.000263,-1.260928
"zscore((ts_rank(returns, 20) - ts_rank(sales, 20)))",fundamental_cross,complete,IS,TOP3000,0,0.9679879586423694,-1.45,-0.42,-0.1011,0.5235,1.2202,-0.000166,-1.731793
"zscore((ts_rank(vwap, 20) - ts_rank((ts_rank(cashflow, 5) - ts_rank(cashflow, 20)), 5)))",fundamental_momentum_spread,complete,IS,TOP3000,0,0.9996714541460745,-1.12,-0.55,-0.1084,0.5884,0.4528,-0.000479,-1.719824
"rank(group_neutralize(((returns - ts_mean(returns, 5)) / (1 + ts_rank(adv20, 5))), industry))",liquidity_reversal,complete,IS,TOP3000,0,0.9120985694779112,-0.6,-0.12,-0.0565,0.3416,1.3194,-8.6e-05,-0.272768
